district_id,district_name,year,geography_version,population_modelled,population_density_modelled_km2,population_growth_pct_from_2015,population_projection_flag,worldpop_release,worldpop_product,source_url
1726262,Uchtepa district,2015,current_12_district_analysis_geometry,183756.820057,6516.08865,0.0,False,R2025A,"Global 2 constrained population counts, 100m (3 arc-second), individual countries",https://data.worldpop.org/GIS/Population/Global_2015_2030/R2025A/2015/UZB/v1/100m/constrained/uzb_pop_2015_CN_100m_R2025A_v1.tif
1726262,Uchtepa district,2016,current_12_district_analysis_geometry,186989.5577,6630.72279,1.759248,False,R2025A,"Global 2 constrained population counts, 100m (3 arc-second), individual countries",https://data.worldpop.org/GIS/Population/Global_2015_2030/R2025A/2016/UZB/v1/100m/constrained/uzb_pop_2016_CN_100m_R2025A_v1.tif
1726262,Uchtepa district,2017,current_12_district_analysis_geometry,190210.045192,6744.922535,3.511829,False,R2025A,"Global 2 constrained population counts, 100m (3 arc-second), individual countries",https://data.worldpop.org/GIS/Population/Global_2015_2030/R2025A/2017/UZB/v1/100m/constrained/uzb_pop_2017_CN_100m_R2025A_v1.tif
1726262,Uchtepa district,2018,current_12_district_analysis_geometry,193435.315488,6859.29188,5.267013,False,R2025A,"Global 2 constrained population counts, 100m (3 arc-second), individual countries",https://data.worldpop.org/GIS/Population/Global_2015_2030/R2025A/2018/UZB/v1/100m/constrained/uzb_pop_2018_CN_100m_R2025A_v1.tif
1726262,Uchtepa district,2019,current_12_district_analysis_geometry,196893.3505,6981.915153,7.148867,False,R2025A,"Global 2 constrained population counts, 100m (3 arc-second), individual countries",https://data.worldpop.org/GIS/Population/Global_2015_2030/R2025A/2019/UZB/v1/100m/constrained/uzb_pop_2019_CN_100m_R2025A_v1.tif
1726262,Uchtepa district,2020,current_12_district_analysis_geometry,200563.514534,7112.060604,9.146161,False,R2025A,"Global 2 constrained population counts, 100m (3 arc-second), individual countries",https://data.worldpop.org/GIS/Population/Global_2015_2030/R2025A/2020/UZB/v1/100m/constrained/uzb_pop_2020_CN_100m_R2025A_v1.tif
1726262,Uchtepa district,2021,current_12_district_analysis_geometry,204388.820705,7247.707455,11.227883,False,R2025A,"Global 2 constrained population counts, 100m (3 arc-second), individual countries",https://data.worldpop.org/GIS/Population/Global_2015_2030/R2025A/2021/UZB/v1/100m/constrained/uzb_pop_2021_CN_100m_R2025A_v1.tif
1726262,Uchtepa district,2022,current_12_district_analysis_geometry,208488.90194,7393.097938,13.459137,False,R2025A,"Global 2 constrained population counts, 100m (3 arc-second), individual countries",https://data.worldpop.org/GIS/Population/Global_2015_2030/R2025A/2022/UZB/v1/100m/constrained/uzb_pop_2022_CN_100m_R2025A_v1.tif
1726262,Uchtepa district,2023,current_12_district_analysis_geometry,212771.630017,7544.96515,15.789787,False,R2025A,"Global 2 constrained population counts, 100m (3 arc-second), individual countries",https://data.worldpop.org/GIS/Population/Global_2015_2030/R2025A/2023/UZB/v1/100m/constrained/uzb_pop_2023_CN_100m_R2025A_v1.tif
1726262,Uchtepa district,2024,current_12_district_analysis_geometry,217089.809878,7698.089495,18.139729,False,R2025A,"Global 2 constrained population counts, 100m (3 arc-second), individual countries",https://data.worldpop.org/GIS/Population/Global_2015_2030/R2025A/2024/UZB/v1/100m/constrained/uzb_pop_2024_CN_100m_R2025A_v1.tif
1726262,Uchtepa district,2025,current_12_district_analysis_geometry,221326.699389,7848.331253,20.445434,False,R2025A,"Global 2 constrained population counts, 100m (3 arc-second), individual countries",https://data.worldpop.org/GIS/Population/Global_2015_2030/R2025A/2025/UZB/v1/100m/constrained/uzb_pop_2025_CN_100m_R2025A_v1.tif
1726262,Uchtepa district,2026,current_12_district_analysis_geometry,225428.017351,7993.76559,22.677361,True,R2025A,"Global 2 constrained population counts, 100m (3 arc-second), individual countries",https://data.worldpop.org/GIS/Population/Global_2015_2030/R2025A/2026/UZB/v1/100m/constrained/uzb_pop_2026_CN_100m_R2025A_v1.tif
1726264,Bektemir district,2015,current_12_district_analysis_geometry,199724.834773,5594.917086,0.0,False,R2025A,"Global 2 constrained population counts, 100m (3 arc-second), individual countries",https://data.worldpop.org/GIS/Population/Global_2015_2030/R2025A/2015/UZB/v1/100m/constrained/uzb_pop_2015_CN_100m_R2025A_v1.tif
1726264,Bektemir district,2016,current_12_district_analysis_geometry,203250.115498,5693.671221,1.765069,False,R2025A,"Global 2 constrained population counts, 100m (3 arc-second), individual countries",https://data.worldpop.org/GIS/Population/Global_2015_2030/R2025A/2016/UZB/v1/100m/constrained/uzb_pop_2016_CN_100m_R2025A_v1.tif
1726264,Bektemir district,2017,current_12_district_analysis_geometry,206760.250416,5792.001075,3.522554,False,R2025A,"Global 2 constrained population counts, 100m (3 arc-second), individual countries",https://data.worldpop.org/GIS/Population/Global_2015_2030/R2025A/2017/UZB/v1/100m/constrained/uzb_pop_2017_CN_100m_R2025A_v1.tif
1726264,Bektemir district,2018,current_12_district_analysis_geometry,210275.065169,5890.462026,5.282383,False,R2025A,"Global 2 constrained population counts, 100m (3 arc-second), individual countries",https://data.worldpop.org/GIS/Population/Global_2015_2030/R2025A/2018/UZB/v1/100m/constrained/uzb_pop_2018_CN_100m_R2025A_v1.tif
1726264,Bektemir district,2019,current_12_district_analysis_geometry,214042.144638,5995.9897,7.168518,False,R2025A,"Global 2 constrained population counts, 100m (3 arc-second), individual countries",https://data.worldpop.org/GIS/Population/Global_2015_2030/R2025A/2019/UZB/v1/100m/constrained/uzb_pop_2019_CN_100m_R2025A_v1.tif
1726264,Bektemir district,2020,current_12_district_analysis_geometry,218038.111783,6107.929234,9.169254,False,R2025A,"Global 2 constrained population counts, 100m (3 arc-second), individual countries",https://data.worldpop.org/GIS/Population/Global_2015_2030/R2025A/2020/UZB/v1/100m/constrained/uzb_pop_2020_CN_100m_R2025A_v1.tif
1726264,Bektemir district,2021,current_12_district_analysis_geometry,222201.175194,6224.549656,11.253653,False,R2025A,"Global 2 constrained population counts, 100m (3 arc-second), individual countries",https://data.worldpop.org/GIS/Population/Global_2015_2030/R2025A/2021/UZB/v1/100m/constrained/uzb_pop_2021_CN_100m_R2025A_v1.tif
1726264,Bektemir district,2022,current_12_district_analysis_geometry,226664.046881,6349.568646,13.488163,False,R2025A,"Global 2 constrained population counts, 100m (3 arc-second), individual countries",https://data.worldpop.org/GIS/Population/Global_2015_2030/R2025A/2022/UZB/v1/100m/constrained/uzb_pop_2022_CN_100m_R2025A_v1.tif
1726264,Bektemir district,2023,current_12_district_analysis_geometry,231324.891574,6480.133478,15.821796,False,R2025A,"Global 2 constrained population counts, 100m (3 arc-second), individual countries",https://data.worldpop.org/GIS/Population/Global_2015_2030/R2025A/2023/UZB/v1/100m/constrained/uzb_pop_2023_CN_100m_R2025A_v1.tif
1726264,Bektemir district,2024,current_12_district_analysis_geometry,236022.709226,6611.734039,18.173941,False,R2025A,"Global 2 constrained population counts, 100m (3 arc-second), individual countries",https://data.worldpop.org/GIS/Population/Global_2015_2030/R2025A/2024/UZB/v1/100m/constrained/uzb_pop_2024_CN_100m_R2025A_v1.tif
1726264,Bektemir district,2025,current_12_district_analysis_geometry,240632.154247,6740.859006,20.481839,False,R2025A,"Global 2 constrained population counts, 100m (3 arc-second), individual countries",https://data.worldpop.org/GIS/Population/Global_2015_2030/R2025A/2025/UZB/v1/100m/constrained/uzb_pop_2025_CN_100m_R2025A_v1.tif
1726264,Bektemir district,2026,current_12_district_analysis_geometry,245092.483186,6865.806765,22.715076,True,R2025A,"Global 2 constrained population counts, 100m (3 arc-second), individual countries",https://data.worldpop.org/GIS/Population/Global_2015_2030/R2025A/2026/UZB/v1/100m/constrained/uzb_pop_2026_CN_100m_R2025A_v1.tif
1726266,Yunusabad district,2015,current_12_district_analysis_geometry,192964.672578,4666.132179,0.0,False,R2025A,"Global 2 constrained population counts, 100m (3 arc-second), individual countries",https://data.worldpop.org/GIS/Population/Global_2015_2030/R2025A/2015/UZB/v1/100m/constrained/uzb_pop_2015_CN_100m_R2025A_v1.tif
1726266,Yunusabad district,2016,current_12_district_analysis_geometry,196359.425122,4748.221631,1.759261,False,R2025A,"Global 2 constrained population counts, 100m (3 arc-second), individual countries",https://data.worldpop.org/GIS/Population/Global_2015_2030/R2025A/2016/UZB/v1/100m/constrained/uzb_pop_2016_CN_100m_R2025A_v1.tif
1726266,Yunusabad district,2017,current_12_district_analysis_geometry,199741.400156,4830.002105,3.511901,False,R2025A,"Global 2 constrained population counts, 100m (3 arc-second), individual countries",https://data.worldpop.org/GIS/Population/Global_2015_2030/R2025A/2017/UZB/v1/100m/constrained/uzb_pop_2017_CN_100m_R2025A_v1.tif
1726266,Yunusabad district,2018,current_12_district_analysis_geometry,203128.427299,4911.904747,5.267158,False,R2025A,"Global 2 constrained population counts, 100m (3 arc-second), individual countries",https://data.worldpop.org/GIS/Population/Global_2015_2030/R2025A/2018/UZB/v1/100m/constrained/uzb_pop_2018_CN_100m_R2025A_v1.tif
1726266,Yunusabad district,2019,current_12_district_analysis_geometry,206759.923159,4999.718953,7.149107,False,R2025A,"Global 2 constrained population counts, 100m (3 arc-second), individual countries",https://data.worldpop.org/GIS/Population/Global_2015_2030/R2025A/2019/UZB/v1/100m/constrained/uzb_pop_2019_CN_100m_R2025A_v1.tif
1726266,Yunusabad district,2020,current_12_district_analysis_geometry,210614.172645,5092.919628,9.146493,False,R2025A,"Global 2 constrained population counts, 100m (3 arc-second), individual countries",https://data.worldpop.org/GIS/Population/Global_2015_2030/R2025A/2020/UZB/v1/100m/constrained/uzb_pop_2020_CN_100m_R2025A_v1.tif
1726266,Yunusabad district,2021,current_12_district_analysis_geometry,214631.266639,5190.05809,11.22827,False,R2025A,"Global 2 constrained population counts, 100m (3 arc-second), individual countries",https://data.worldpop.org/GIS/Population/Global_2015_2030/R2025A/2021/UZB/v1/100m/constrained/uzb_pop_2021_CN_100m_R2025A_v1.tif
1726266,Yunusabad district,2022,current_12_district_analysis_geometry,218936.876051,5294.173223,13.459564,False,R2025A,"Global 2 constrained population counts, 100m (3 arc-second), individual countries",https://data.worldpop.org/GIS/Population/Global_2015_2030/R2025A/2022/UZB/v1/100m/constrained/uzb_pop_2022_CN_100m_R2025A_v1.tif
1726266,Yunusabad district,2023,current_12_district_analysis_geometry,223434.296012,5402.926581,15.79026,False,R2025A,"Global 2 constrained population counts, 100m (3 arc-second), individual countries",https://data.worldpop.org/GIS/Population/Global_2015_2030/R2025A/2023/UZB/v1/100m/constrained/uzb_pop_2023_CN_100m_R2025A_v1.tif
1726266,Yunusabad district,2024,current_12_district_analysis_geometry,227968.94713,5512.580235,18.14025,False,R2025A,"Global 2 constrained population counts, 100m (3 arc-second), individual countries",https://data.worldpop.org/GIS/Population/Global_2015_2030/R2025A/2024/UZB/v1/100m/constrained/uzb_pop_2024_CN_100m_R2025A_v1.tif
1726266,Yunusabad district,2025,current_12_district_analysis_geometry,232418.264223,5620.170404,20.446018,False,R2025A,"Global 2 constrained population counts, 100m (3 arc-second), individual countries",https://data.worldpop.org/GIS/Population/Global_2015_2030/R2025A/2025/UZB/v1/100m/constrained/uzb_pop_2025_CN_100m_R2025A_v1.tif
1726266,Yunusabad district,2026,current_12_district_analysis_geometry,236725.192997,5724.317441,22.677996,True,R2025A,"Global 2 constrained population counts, 100m (3 arc-second), individual countries",https://data.worldpop.org/GIS/Population/Global_2015_2030/R2025A/2026/UZB/v1/100m/constrained/uzb_pop_2026_CN_100m_R2025A_v1.tif
1726269,Mirzo Ulugbek district,2015,current_12_district_analysis_geometry,113847.693115,2940.778794,0.0,False,R2025A,"Global 2 constrained population counts, 100m (3 arc-second), individual countries",https://data.worldpop.org/GIS/Population/Global_2015_2030/R2025A/2015/UZB/v1/100m/constrained/uzb_pop_2015_CN_100m_R2025A_v1.tif
1726269,Mirzo Ulugbek district,2016,current_12_district_analysis_geometry,115850.50557,2992.513074,1.759203,False,R2025A,"Global 2 constrained population counts, 100m (3 arc-second), individual countries",https://data.worldpop.org/GIS/Population/Global_2015_2030/R2025A/2016/UZB/v1/100m/constrained/uzb_pop_2016_CN_100m_R2025A_v1.tif
1726269,Mirzo Ulugbek district,2017,current_12_district_analysis_geometry,117845.720966,3044.051115,3.511734,False,R2025A,"Global 2 constrained population counts, 100m (3 arc-second), individual countries",https://data.worldpop.org/GIS/Population/Global_2015_2030/R2025A/2017/UZB/v1/100m/constrained/uzb_pop_2017_CN_100m_R2025A_v1.tif
1726269,Mirzo Ulugbek district,2018,current_12_district_analysis_geometry,119843.969458,3095.667504,5.266928,False,R2025A,"Global 2 constrained population counts, 100m (3 arc-second), individual countries",https://data.worldpop.org/GIS/Population/Global_2015_2030/R2025A/2018/UZB/v1/100m/constrained/uzb_pop_2018_CN_100m_R2025A_v1.tif
1726269,Mirzo Ulugbek district,2019,current_12_district_analysis_geometry,121986.331511,3151.006464,7.148707,False,R2025A,"Global 2 constrained population counts, 100m (3 arc-second), individual countries",https://data.worldpop.org/GIS/Population/Global_2015_2030/R2025A/2019/UZB/v1/100m/constrained/uzb_pop_2019_CN_100m_R2025A_v1.tif
1726269,Mirzo Ulugbek district,2020,current_12_district_analysis_geometry,124260.126621,3209.740446,9.145933,False,R2025A,"Global 2 constrained population counts, 100m (3 arc-second), individual countries",https://data.worldpop.org/GIS/Population/Global_2015_2030/R2025A/2020/UZB/v1/100m/constrained/uzb_pop_2020_CN_100m_R2025A_v1.tif
1726269,Mirzo Ulugbek district,2021,current_12_district_analysis_geometry,126630.059706,3270.957751,11.227603,False,R2025A,"Global 2 constrained population counts, 100m (3 arc-second), individual countries",https://data.worldpop.org/GIS/Population/Global_2015_2030/R2025A/2021/UZB/v1/100m/constrained/uzb_pop_2021_CN_100m_R2025A_v1.tif
1726269,Mirzo Ulugbek district,2022,current_12_district_analysis_geometry,129170.201712,3336.571692,13.458778,False,R2025A,"Global 2 constrained population counts, 100m (3 arc-second), individual countries",https://data.worldpop.org/GIS/Population/Global_2015_2030/R2025A/2022/UZB/v1/100m/constrained/uzb_pop_2022_CN_100m_R2025A_v1.tif
1726269,Mirzo Ulugbek district,2023,current_12_district_analysis_geometry,131823.526638,3405.109239,15.78937,False,R2025A,"Global 2 constrained population counts, 100m (3 arc-second), individual countries",https://data.worldpop.org/GIS/Population/Global_2015_2030/R2025A/2023/UZB/v1/100m/constrained/uzb_pop_2023_CN_100m_R2025A_v1.tif
1726269,Mirzo Ulugbek district,2024,current_12_district_analysis_geometry,134498.828864,3474.214478,18.139266,False,R2025A,"Global 2 constrained population counts, 100m (3 arc-second), individual countries",https://data.worldpop.org/GIS/Population/Global_2015_2030/R2025A/2024/UZB/v1/100m/constrained/uzb_pop_2024_CN_100m_R2025A_v1.tif
1726269,Mirzo Ulugbek district,2025,current_12_district_analysis_geometry,137123.73626,3542.017978,20.444897,False,R2025A,"Global 2 constrained population counts, 100m (3 arc-second), individual countries",https://data.worldpop.org/GIS/Population/Global_2015_2030/R2025A/2025/UZB/v1/100m/constrained/uzb_pop_2025_CN_100m_R2025A_v1.tif
1726269,Mirzo Ulugbek district,2026,current_12_district_analysis_geometry,139664.694152,3607.652993,22.676789,True,R2025A,"Global 2 constrained population counts, 100m (3 arc-second), individual countries",https://data.worldpop.org/GIS/Population/Global_2015_2030/R2025A/2026/UZB/v1/100m/constrained/uzb_pop_2026_CN_100m_R2025A_v1.tif
1726273,Mirabad district,2015,current_12_district_analysis_geometry,204234.348455,12196.64717,0.0,False,R2025A,"Global 2 constrained population counts, 100m (3 arc-second), individual countries",https://data.worldpop.org/GIS/Population/Global_2015_2030/R2025A/2015/UZB/v1/100m/constrained/uzb_pop_2015_CN_100m_R2025A_v1.tif
1726273,Mirabad district,2016,current_12_district_analysis_geometry,207827.532406,12411.228102,1.759344,False,R2025A,"Global 2 constrained population counts, 100m (3 arc-second), individual countries",https://data.worldpop.org/GIS/Population/Global_2015_2030/R2025A/2016/UZB/v1/100m/constrained/uzb_pop_2016_CN_100m_R2025A_v1.tif
1726273,Mirabad district,2017,current_12_district_analysis_geometry,211406.932315,12624.985867,3.511938,False,R2025A,"Global 2 constrained population counts, 100m (3 arc-second), individual countries",https://data.worldpop.org/GIS/Population/Global_2015_2030/R2025A/2017/UZB/v1/100m/constrained/uzb_pop_2017_CN_100m_R2025A_v1.tif
1726273,Mirabad district,2018,current_12_district_analysis_geometry,214991.825281,12839.071671,5.267222,False,R2025A,"Global 2 constrained population counts, 100m (3 arc-second), individual countries",https://data.worldpop.org/GIS/Population/Global_2015_2030/R2025A/2018/UZB/v1/100m/constrained/uzb_pop_2018_CN_100m_R2025A_v1.tif
1726273,Mirabad district,2019,current_12_district_analysis_geometry,218835.428274,13068.607348,7.149179,False,R2025A,"Global 2 constrained population counts, 100m (3 arc-second), individual countries",https://data.worldpop.org/GIS/Population/Global_2015_2030/R2025A/2019/UZB/v1/100m/constrained/uzb_pop_2019_CN_100m_R2025A_v1.tif
1726273,Mirabad district,2020,current_12_district_analysis_geometry,222914.901618,13312.22894,9.146627,False,R2025A,"Global 2 constrained population counts, 100m (3 arc-second), individual countries",https://data.worldpop.org/GIS/Population/Global_2015_2030/R2025A/2020/UZB/v1/100m/constrained/uzb_pop_2020_CN_100m_R2025A_v1.tif
1726273,Mirabad district,2021,current_12_district_analysis_geometry,227166.483938,13566.128687,11.228344,False,R2025A,"Global 2 constrained population counts, 100m (3 arc-second), individual countries",https://data.worldpop.org/GIS/Population/Global_2015_2030/R2025A/2021/UZB/v1/100m/constrained/uzb_pop_2021_CN_100m_R2025A_v1.tif
1726273,Mirabad district,2022,current_12_district_analysis_geometry,231723.614135,13838.275412,13.459668,False,R2025A,"Global 2 constrained population counts, 100m (3 arc-second), individual countries",https://data.worldpop.org/GIS/Population/Global_2015_2030/R2025A/2022/UZB/v1/100m/constrained/uzb_pop_2022_CN_100m_R2025A_v1.tif
1726273,Mirabad district,2023,current_12_district_analysis_geometry,236483.638911,14122.538775,15.790336,False,R2025A,"Global 2 constrained population counts, 100m (3 arc-second), individual countries",https://data.worldpop.org/GIS/Population/Global_2015_2030/R2025A/2023/UZB/v1/100m/constrained/uzb_pop_2023_CN_100m_R2025A_v1.tif
1726273,Mirabad district,2024,current_12_district_analysis_geometry,241283.119322,14409.158385,18.140323,False,R2025A,"Global 2 constrained population counts, 100m (3 arc-second), individual countries",https://data.worldpop.org/GIS/Population/Global_2015_2030/R2025A/2024/UZB/v1/100m/constrained/uzb_pop_2024_CN_100m_R2025A_v1.tif
1726273,Mirabad district,2025,current_12_district_analysis_geometry,245992.292022,14690.384918,20.446092,False,R2025A,"Global 2 constrained population counts, 100m (3 arc-second), individual countries",https://data.worldpop.org/GIS/Population/Global_2015_2030/R2025A/2025/UZB/v1/100m/constrained/uzb_pop_2025_CN_100m_R2025A_v1.tif
1726273,Mirabad district,2026,current_12_district_analysis_geometry,250550.651605,14962.605061,22.678018,True,R2025A,"Global 2 constrained population counts, 100m (3 arc-second), individual countries",https://data.worldpop.org/GIS/Population/Global_2015_2030/R2025A/2026/UZB/v1/100m/constrained/uzb_pop_2026_CN_100m_R2025A_v1.tif
1726277,Shaykhantakhur district,2015,current_12_district_analysis_geometry,195073.786964,7238.427369,0.0,False,R2025A,"Global 2 constrained population counts, 100m (3 arc-second), individual countries",https://data.worldpop.org/GIS/Population/Global_2015_2030/R2025A/2015/UZB/v1/100m/constrained/uzb_pop_2015_CN_100m_R2025A_v1.tif
1726277,Shaykhantakhur district,2016,current_12_district_analysis_geometry,198505.448329,7365.762938,1.759161,False,R2025A,"Global 2 constrained population counts, 100m (3 arc-second), individual countries",https://data.worldpop.org/GIS/Population/Global_2015_2030/R2025A/2016/UZB/v1/100m/constrained/uzb_pop_2016_CN_100m_R2025A_v1.tif
1726277,Shaykhantakhur district,2017,current_12_district_analysis_geometry,201924.08527,7492.615221,3.511645,False,R2025A,"Global 2 constrained population counts, 100m (3 arc-second), individual countries",https://data.worldpop.org/GIS/Population/Global_2015_2030/R2025A/2017/UZB/v1/100m/constrained/uzb_pop_2017_CN_100m_R2025A_v1.tif
1726277,Shaykhantakhur district,2018,current_12_district_analysis_geometry,205347.835959,7619.657255,5.26675,False,R2025A,"Global 2 constrained population counts, 100m (3 arc-second), individual countries",https://data.worldpop.org/GIS/Population/Global_2015_2030/R2025A/2018/UZB/v1/100m/constrained/uzb_pop_2018_CN_100m_R2025A_v1.tif
1726277,Shaykhantakhur district,2019,current_12_district_analysis_geometry,209018.745499,7755.87039,7.148556,False,R2025A,"Global 2 constrained population counts, 100m (3 arc-second), individual countries",https://data.worldpop.org/GIS/Population/Global_2015_2030/R2025A/2019/UZB/v1/100m/constrained/uzb_pop_2019_CN_100m_R2025A_v1.tif
1726277,Shaykhantakhur district,2020,current_12_district_analysis_geometry,212914.919728,7900.442219,9.145838,False,R2025A,"Global 2 constrained population counts, 100m (3 arc-second), individual countries",https://data.worldpop.org/GIS/Population/Global_2015_2030/R2025A/2020/UZB/v1/100m/constrained/uzb_pop_2020_CN_100m_R2025A_v1.tif
1726277,Shaykhantakhur district,2021,current_12_district_analysis_geometry,216975.467754,8051.113318,11.227383,False,R2025A,"Global 2 constrained population counts, 100m (3 arc-second), individual countries",https://data.worldpop.org/GIS/Population/Global_2015_2030/R2025A/2021/UZB/v1/100m/constrained/uzb_pop_2021_CN_100m_R2025A_v1.tif
1726277,Shaykhantakhur district,2022,current_12_district_analysis_geometry,221327.824119,8212.612287,13.458516,False,R2025A,"Global 2 constrained population counts, 100m (3 arc-second), individual countries",https://data.worldpop.org/GIS/Population/Global_2015_2030/R2025A/2022/UZB/v1/100m/constrained/uzb_pop_2022_CN_100m_R2025A_v1.tif
1726277,Shaykhantakhur district,2023,current_12_district_analysis_geometry,225874.027211,8381.304152,15.789021,False,R2025A,"Global 2 constrained population counts, 100m (3 arc-second), individual countries",https://data.worldpop.org/GIS/Population/Global_2015_2030/R2025A/2023/UZB/v1/100m/constrained/uzb_pop_2023_CN_100m_R2025A_v1.tif
1726277,Shaykhantakhur district,2024,current_12_district_analysis_geometry,230457.991268,8551.397179,18.138882,False,R2025A,"Global 2 constrained population counts, 100m (3 arc-second), individual countries",https://data.worldpop.org/GIS/Population/Global_2015_2030/R2025A/2024/UZB/v1/100m/constrained/uzb_pop_2024_CN_100m_R2025A_v1.tif
1726277,Shaykhantakhur district,2025,current_12_district_analysis_geometry,234955.603575,8718.286029,20.444478,False,R2025A,"Global 2 constrained population counts, 100m (3 arc-second), individual countries",https://data.worldpop.org/GIS/Population/Global_2015_2030/R2025A/2025/UZB/v1/100m/constrained/uzb_pop_2025_CN_100m_R2025A_v1.tif
1726277,Shaykhantakhur district,2026,current_12_district_analysis_geometry,239309.416266,8879.839036,22.676357,True,R2025A,"Global 2 constrained population counts, 100m (3 arc-second), individual countries",https://data.worldpop.org/GIS/Population/Global_2015_2030/R2025A/2026/UZB/v1/100m/constrained/uzb_pop_2026_CN_100m_R2025A_v1.tif
1726280,Almazar district,2015,current_12_district_analysis_geometry,181481.580384,5383.692175,0.0,False,R2025A,"Global 2 constrained population counts, 100m (3 arc-second), individual countries",https://data.worldpop.org/GIS/Population/Global_2015_2030/R2025A/2015/UZB/v1/100m/constrained/uzb_pop_2015_CN_100m_R2025A_v1.tif
1726280,Almazar district,2016,current_12_district_analysis_geometry,184674.408348,5478.40814,1.759312,False,R2025A,"Global 2 constrained population counts, 100m (3 arc-second), individual countries",https://data.worldpop.org/GIS/Population/Global_2015_2030/R2025A/2016/UZB/v1/100m/constrained/uzb_pop_2016_CN_100m_R2025A_v1.tif
1726280,Almazar district,2017,current_12_district_analysis_geometry,187855.257554,5572.768752,3.512024,False,R2025A,"Global 2 constrained population counts, 100m (3 arc-second), individual countries",https://data.worldpop.org/GIS/Population/Global_2015_2030/R2025A/2017/UZB/v1/100m/constrained/uzb_pop_2017_CN_100m_R2025A_v1.tif
1726280,Almazar district,2018,current_12_district_analysis_geometry,191040.933814,5667.272559,5.267396,False,R2025A,"Global 2 constrained population counts, 100m (3 arc-second), individual countries",https://data.worldpop.org/GIS/Population/Global_2015_2030/R2025A/2018/UZB/v1/100m/constrained/uzb_pop_2018_CN_100m_R2025A_v1.tif
1726280,Almazar district,2019,current_12_district_analysis_geometry,194456.328496,5768.591016,7.149347,False,R2025A,"Global 2 constrained population counts, 100m (3 arc-second), individual countries",https://data.worldpop.org/GIS/Population/Global_2015_2030/R2025A/2019/UZB/v1/100m/constrained/uzb_pop_2019_CN_100m_R2025A_v1.tif
1726280,Almazar district,2020,current_12_district_analysis_geometry,198081.22925,5876.124517,9.14674,False,R2025A,"Global 2 constrained population counts, 100m (3 arc-second), individual countries",https://data.worldpop.org/GIS/Population/Global_2015_2030/R2025A/2020/UZB/v1/100m/constrained/uzb_pop_2020_CN_100m_R2025A_v1.tif
1726280,Almazar district,2021,current_12_district_analysis_geometry,201859.511572,5988.208118,11.22865,False,R2025A,"Global 2 constrained population counts, 100m (3 arc-second), individual countries",https://data.worldpop.org/GIS/Population/Global_2015_2030/R2025A/2021/UZB/v1/100m/constrained/uzb_pop_2021_CN_100m_R2025A_v1.tif
1726280,Almazar district,2022,current_12_district_analysis_geometry,205908.973673,6108.336328,13.459985,False,R2025A,"Global 2 constrained population counts, 100m (3 arc-second), individual countries",https://data.worldpop.org/GIS/Population/Global_2015_2030/R2025A/2022/UZB/v1/100m/constrained/uzb_pop_2022_CN_100m_R2025A_v1.tif
1726280,Almazar district,2023,current_12_district_analysis_geometry,210138.871013,6233.817191,15.790743,False,R2025A,"Global 2 constrained population counts, 100m (3 arc-second), individual countries",https://data.worldpop.org/GIS/Population/Global_2015_2030/R2025A/2023/UZB/v1/100m/constrained/uzb_pop_2023_CN_100m_R2025A_v1.tif
1726280,Almazar district,2024,current_12_district_analysis_geometry,214403.820227,6360.337875,18.140816,False,R2025A,"Global 2 constrained population counts, 100m (3 arc-second), individual countries",https://data.worldpop.org/GIS/Population/Global_2015_2030/R2025A/2024/UZB/v1/100m/constrained/uzb_pop_2024_CN_100m_R2025A_v1.tif
1726280,Almazar district,2025,current_12_district_analysis_geometry,218588.553069,6484.478922,20.446688,False,R2025A,"Global 2 constrained population counts, 100m (3 arc-second), individual countries",https://data.worldpop.org/GIS/Population/Global_2015_2030/R2025A/2025/UZB/v1/100m/constrained/uzb_pop_2025_CN_100m_R2025A_v1.tif
1726280,Almazar district,2026,current_12_district_analysis_geometry,222639.413805,6604.648623,22.678794,True,R2025A,"Global 2 constrained population counts, 100m (3 arc-second), individual countries",https://data.worldpop.org/GIS/Population/Global_2015_2030/R2025A/2026/UZB/v1/100m/constrained/uzb_pop_2026_CN_100m_R2025A_v1.tif
1726283,Sergeli district,2015,current_12_district_analysis_geometry,47223.127135,917.172128,0.0,False,R2025A,"Global 2 constrained population counts, 100m (3 arc-second), individual countries",https://data.worldpop.org/GIS/Population/Global_2015_2030/R2025A/2015/UZB/v1/100m/constrained/uzb_pop_2015_CN_100m_R2025A_v1.tif
1726283,Sergeli district,2016,current_12_district_analysis_geometry,48053.948621,933.308423,1.759353,False,R2025A,"Global 2 constrained population counts, 100m (3 arc-second), individual countries",https://data.worldpop.org/GIS/Population/Global_2015_2030/R2025A/2016/UZB/v1/100m/constrained/uzb_pop_2016_CN_100m_R2025A_v1.tif
1726283,Sergeli district,2017,current_12_district_analysis_geometry,48881.683369,949.384767,3.512169,False,R2025A,"Global 2 constrained population counts, 100m (3 arc-second), individual countries",https://data.worldpop.org/GIS/Population/Global_2015_2030/R2025A/2017/UZB/v1/100m/constrained/uzb_pop_2017_CN_100m_R2025A_v1.tif
1726283,Sergeli district,2018,current_12_district_analysis_geometry,49710.584225,965.48376,5.267455,False,R2025A,"Global 2 constrained population counts, 100m (3 arc-second), individual countries",https://data.worldpop.org/GIS/Population/Global_2015_2030/R2025A/2018/UZB/v1/100m/constrained/uzb_pop_2018_CN_100m_R2025A_v1.tif
1726283,Sergeli district,2019,current_12_district_analysis_geometry,50599.354634,982.745544,7.149521,False,R2025A,"Global 2 constrained population counts, 100m (3 arc-second), individual countries",https://data.worldpop.org/GIS/Population/Global_2015_2030/R2025A/2019/UZB/v1/100m/constrained/uzb_pop_2019_CN_100m_R2025A_v1.tif
1726283,Sergeli district,2020,current_12_district_analysis_geometry,51542.622126,1001.065777,9.146991,False,R2025A,"Global 2 constrained population counts, 100m (3 arc-second), individual countries",https://data.worldpop.org/GIS/Population/Global_2015_2030/R2025A/2020/UZB/v1/100m/constrained/uzb_pop_2020_CN_100m_R2025A_v1.tif
1726283,Sergeli district,2021,current_12_district_analysis_geometry,52525.80828,1020.161313,11.228992,False,R2025A,"Global 2 constrained population counts, 100m (3 arc-second), individual countries",https://data.worldpop.org/GIS/Population/Global_2015_2030/R2025A/2021/UZB/v1/100m/constrained/uzb_pop_2021_CN_100m_R2025A_v1.tif
1726283,Sergeli district,2022,current_12_district_analysis_geometry,53579.512288,1040.626454,13.460322,False,R2025A,"Global 2 constrained population counts, 100m (3 arc-second), individual countries",https://data.worldpop.org/GIS/Population/Global_2015_2030/R2025A/2022/UZB/v1/100m/constrained/uzb_pop_2022_CN_100m_R2025A_v1.tif
1726283,Sergeli district,2023,current_12_district_analysis_geometry,54680.224311,1062.004589,15.791197,False,R2025A,"Global 2 constrained population counts, 100m (3 arc-second), individual countries",https://data.worldpop.org/GIS/Population/Global_2015_2030/R2025A/2023/UZB/v1/100m/constrained/uzb_pop_2023_CN_100m_R2025A_v1.tif
1726283,Sergeli district,2024,current_12_district_analysis_geometry,55790.046113,1083.559655,18.141363,False,R2025A,"Global 2 constrained population counts, 100m (3 arc-second), individual countries",https://data.worldpop.org/GIS/Population/Global_2015_2030/R2025A/2024/UZB/v1/100m/constrained/uzb_pop_2024_CN_100m_R2025A_v1.tif
1726283,Sergeli district,2025,current_12_district_analysis_geometry,56878.976511,1104.708966,20.447289,False,R2025A,"Global 2 constrained population counts, 100m (3 arc-second), individual countries",https://data.worldpop.org/GIS/Population/Global_2015_2030/R2025A/2025/UZB/v1/100m/constrained/uzb_pop_2025_CN_100m_R2025A_v1.tif
1726283,Sergeli district,2026,current_12_district_analysis_geometry,57933.111058,1125.182469,22.679531,True,R2025A,"Global 2 constrained population counts, 100m (3 arc-second), individual countries",https://data.worldpop.org/GIS/Population/Global_2015_2030/R2025A/2026/UZB/v1/100m/constrained/uzb_pop_2026_CN_100m_R2025A_v1.tif
1726287,Yakkasaray district,2015,current_12_district_analysis_geometry,229091.200849,16245.050164,0.0,False,R2025A,"Global 2 constrained population counts, 100m (3 arc-second), individual countries",https://data.worldpop.org/GIS/Population/Global_2015_2030/R2025A/2015/UZB/v1/100m/constrained/uzb_pop_2015_CN_100m_R2025A_v1.tif
1726287,Yakkasaray district,2016,current_12_district_analysis_geometry,233121.57376,16530.847304,1.759288,False,R2025A,"Global 2 constrained population counts, 100m (3 arc-second), individual countries",https://data.worldpop.org/GIS/Population/Global_2015_2030/R2025A/2016/UZB/v1/100m/constrained/uzb_pop_2016_CN_100m_R2025A_v1.tif
1726287,Yakkasaray district,2017,current_12_district_analysis_geometry,237136.797185,16815.570182,3.511962,False,R2025A,"Global 2 constrained population counts, 100m (3 arc-second), individual countries",https://data.worldpop.org/GIS/Population/Global_2015_2030/R2025A/2017/UZB/v1/100m/constrained/uzb_pop_2017_CN_100m_R2025A_v1.tif
1726287,Yakkasaray district,2018,current_12_district_analysis_geometry,241158.059153,17100.721258,5.267273,False,R2025A,"Global 2 constrained population counts, 100m (3 arc-second), individual countries",https://data.worldpop.org/GIS/Population/Global_2015_2030/R2025A/2018/UZB/v1/100m/constrained/uzb_pop_2018_CN_100m_R2025A_v1.tif
1726287,Yakkasaray district,2019,current_12_district_analysis_geometry,245469.417687,17406.443326,7.149213,False,R2025A,"Global 2 constrained population counts, 100m (3 arc-second), individual countries",https://data.worldpop.org/GIS/Population/Global_2015_2030/R2025A/2019/UZB/v1/100m/constrained/uzb_pop_2019_CN_100m_R2025A_v1.tif
1726287,Yakkasaray district,2020,current_12_district_analysis_geometry,250045.243148,17730.918966,9.146594,False,R2025A,"Global 2 constrained population counts, 100m (3 arc-second), individual countries",https://data.worldpop.org/GIS/Population/Global_2015_2030/R2025A/2020/UZB/v1/100m/constrained/uzb_pop_2020_CN_100m_R2025A_v1.tif
1726287,Yakkasaray district,2021,current_12_district_analysis_geometry,254814.486376,18069.110024,11.228404,False,R2025A,"Global 2 constrained population counts, 100m (3 arc-second), individual countries",https://data.worldpop.org/GIS/Population/Global_2015_2030/R2025A/2021/UZB/v1/100m/constrained/uzb_pop_2021_CN_100m_R2025A_v1.tif
1726287,Yakkasaray district,2022,current_12_district_analysis_geometry,259926.285723,18431.592025,13.459742,False,R2025A,"Global 2 constrained population counts, 100m (3 arc-second), individual countries",https://data.worldpop.org/GIS/Population/Global_2015_2030/R2025A/2022/UZB/v1/100m/constrained/uzb_pop_2022_CN_100m_R2025A_v1.tif
1726287,Yakkasaray district,2023,current_12_district_analysis_geometry,265265.774555,18810.219679,15.790468,False,R2025A,"Global 2 constrained population counts, 100m (3 arc-second), individual countries",https://data.worldpop.org/GIS/Population/Global_2015_2030/R2025A/2023/UZB/v1/100m/constrained/uzb_pop_2023_CN_100m_R2025A_v1.tif
1726287,Yakkasaray district,2024,current_12_district_analysis_geometry,270649.541162,19191.987107,18.140522,False,R2025A,"Global 2 constrained population counts, 100m (3 arc-second), individual countries",https://data.worldpop.org/GIS/Population/Global_2015_2030/R2025A/2024/UZB/v1/100m/constrained/uzb_pop_2024_CN_100m_R2025A_v1.tif
1726287,Yakkasaray district,2025,current_12_district_analysis_geometry,275931.972637,19566.568776,20.446343,False,R2025A,"Global 2 constrained population counts, 100m (3 arc-second), individual countries",https://data.worldpop.org/GIS/Population/Global_2015_2030/R2025A/2025/UZB/v1/100m/constrained/uzb_pop_2025_CN_100m_R2025A_v1.tif
1726287,Yakkasaray district,2026,current_12_district_analysis_geometry,281045.423419,19929.167881,22.678402,True,R2025A,"Global 2 constrained population counts, 100m (3 arc-second), individual countries",https://data.worldpop.org/GIS/Population/Global_2015_2030/R2025A/2026/UZB/v1/100m/constrained/uzb_pop_2026_CN_100m_R2025A_v1.tif
1726290,Yashnabad district,2015,current_12_district_analysis_geometry,146876.96969,1877.912627,0.0,False,R2025A,"Global 2 constrained population counts, 100m (3 arc-second), individual countries",https://data.worldpop.org/GIS/Population/Global_2015_2030/R2025A/2015/UZB/v1/100m/constrained/uzb_pop_2015_CN_100m_R2025A_v1.tif
1726290,Yashnabad district,2016,current_12_district_analysis_geometry,149459.161806,1910.927546,1.758065,False,R2025A,"Global 2 constrained population counts, 100m (3 arc-second), individual countries",https://data.worldpop.org/GIS/Population/Global_2015_2030/R2025A/2016/UZB/v1/100m/constrained/uzb_pop_2016_CN_100m_R2025A_v1.tif
1726290,Yashnabad district,2017,current_12_district_analysis_geometry,152031.668135,1943.818625,3.509535,False,R2025A,"Global 2 constrained population counts, 100m (3 arc-second), individual countries",https://data.worldpop.org/GIS/Population/Global_2015_2030/R2025A/2017/UZB/v1/100m/constrained/uzb_pop_2017_CN_100m_R2025A_v1.tif
1726290,Yashnabad district,2018,current_12_district_analysis_geometry,154607.977456,1976.758329,5.263594,False,R2025A,"Global 2 constrained population counts, 100m (3 arc-second), individual countries",https://data.worldpop.org/GIS/Population/Global_2015_2030/R2025A/2018/UZB/v1/100m/constrained/uzb_pop_2018_CN_100m_R2025A_v1.tif
1726290,Yashnabad district,2019,current_12_district_analysis_geometry,157369.888748,2012.071068,7.144019,False,R2025A,"Global 2 constrained population counts, 100m (3 arc-second), individual countries",https://data.worldpop.org/GIS/Population/Global_2015_2030/R2025A/2019/UZB/v1/100m/constrained/uzb_pop_2019_CN_100m_R2025A_v1.tif
1726290,Yashnabad district,2020,current_12_district_analysis_geometry,160301.531553,2049.553929,9.140005,False,R2025A,"Global 2 constrained population counts, 100m (3 arc-second), individual countries",https://data.worldpop.org/GIS/Population/Global_2015_2030/R2025A/2020/UZB/v1/100m/constrained/uzb_pop_2020_CN_100m_R2025A_v1.tif
1726290,Yashnabad district,2021,current_12_district_analysis_geometry,163357.979045,2088.632494,11.220962,False,R2025A,"Global 2 constrained population counts, 100m (3 arc-second), individual countries",https://data.worldpop.org/GIS/Population/Global_2015_2030/R2025A/2021/UZB/v1/100m/constrained/uzb_pop_2021_CN_100m_R2025A_v1.tif
1726290,Yashnabad district,2022,current_12_district_analysis_geometry,166633.294083,2130.509417,13.450934,False,R2025A,"Global 2 constrained population counts, 100m (3 arc-second), individual countries",https://data.worldpop.org/GIS/Population/Global_2015_2030/R2025A/2022/UZB/v1/100m/constrained/uzb_pop_2022_CN_100m_R2025A_v1.tif
1726290,Yashnabad district,2023,current_12_district_analysis_geometry,170054.236568,2174.248276,15.780055,False,R2025A,"Global 2 constrained population counts, 100m (3 arc-second), individual countries",https://data.worldpop.org/GIS/Population/Global_2015_2030/R2025A/2023/UZB/v1/100m/constrained/uzb_pop_2023_CN_100m_R2025A_v1.tif
1726290,Yashnabad district,2024,current_12_district_analysis_geometry,173503.379043,2218.347689,18.128376,False,R2025A,"Global 2 constrained population counts, 100m (3 arc-second), individual countries",https://data.worldpop.org/GIS/Population/Global_2015_2030/R2025A/2024/UZB/v1/100m/constrained/uzb_pop_2024_CN_100m_R2025A_v1.tif
1726290,Yashnabad district,2025,current_12_district_analysis_geometry,176887.539878,2261.616272,20.432455,False,R2025A,"Global 2 constrained population counts, 100m (3 arc-second), individual countries",https://data.worldpop.org/GIS/Population/Global_2015_2030/R2025A/2025/UZB/v1/100m/constrained/uzb_pop_2025_CN_100m_R2025A_v1.tif
1726290,Yashnabad district,2026,current_12_district_analysis_geometry,180163.687314,2303.503838,22.662993,True,R2025A,"Global 2 constrained population counts, 100m (3 arc-second), individual countries",https://data.worldpop.org/GIS/Population/Global_2015_2030/R2025A/2026/UZB/v1/100m/constrained/uzb_pop_2026_CN_100m_R2025A_v1.tif
1726292,Yangikhayot district,2015,current_12_district_analysis_geometry,177876.294075,4214.601005,0.0,False,R2025A,"Global 2 constrained population counts, 100m (3 arc-second), individual countries",https://data.worldpop.org/GIS/Population/Global_2015_2030/R2025A/2015/UZB/v1/100m/constrained/uzb_pop_2015_CN_100m_R2025A_v1.tif
1726292,Yangikhayot district,2016,current_12_district_analysis_geometry,181005.411464,4288.742314,1.759154,False,R2025A,"Global 2 constrained population counts, 100m (3 arc-second), individual countries",https://data.worldpop.org/GIS/Population/Global_2015_2030/R2025A/2016/UZB/v1/100m/constrained/uzb_pop_2016_CN_100m_R2025A_v1.tif
1726292,Yangikhayot district,2017,current_12_district_analysis_geometry,184121.967446,4362.585993,3.511245,False,R2025A,"Global 2 constrained population counts, 100m (3 arc-second), individual countries",https://data.worldpop.org/GIS/Population/Global_2015_2030/R2025A/2017/UZB/v1/100m/constrained/uzb_pop_2017_CN_100m_R2025A_v1.tif
1726292,Yangikhayot district,2018,current_12_district_analysis_geometry,187242.595615,4436.526158,5.265627,False,R2025A,"Global 2 constrained population counts, 100m (3 arc-second), individual countries",https://data.worldpop.org/GIS/Population/Global_2015_2030/R2025A/2018/UZB/v1/100m/constrained/uzb_pop_2018_CN_100m_R2025A_v1.tif
1726292,Yangikhayot district,2019,current_12_district_analysis_geometry,190588.306966,4515.799445,7.146547,False,R2025A,"Global 2 constrained population counts, 100m (3 arc-second), individual countries",https://data.worldpop.org/GIS/Population/Global_2015_2030/R2025A/2019/UZB/v1/100m/constrained/uzb_pop_2019_CN_100m_R2025A_v1.tif
1726292,Yangikhayot district,2020,current_12_district_analysis_geometry,194138.803772,4599.924918,9.142595,False,R2025A,"Global 2 constrained population counts, 100m (3 arc-second), individual countries",https://data.worldpop.org/GIS/Population/Global_2015_2030/R2025A/2020/UZB/v1/100m/constrained/uzb_pop_2020_CN_100m_R2025A_v1.tif
1726292,Yangikhayot district,2021,current_12_district_analysis_geometry,197839.216153,4687.602491,11.222924,False,R2025A,"Global 2 constrained population counts, 100m (3 arc-second), individual countries",https://data.worldpop.org/GIS/Population/Global_2015_2030/R2025A/2021/UZB/v1/100m/constrained/uzb_pop_2021_CN_100m_R2025A_v1.tif
1726292,Yangikhayot district,2022,current_12_district_analysis_geometry,201805.531383,4781.580366,13.452741,False,R2025A,"Global 2 constrained population counts, 100m (3 arc-second), individual countries",https://data.worldpop.org/GIS/Population/Global_2015_2030/R2025A/2022/UZB/v1/100m/constrained/uzb_pop_2022_CN_100m_R2025A_v1.tif
1726292,Yangikhayot district,2023,current_12_district_analysis_geometry,205948.654417,4879.747525,15.781957,False,R2025A,"Global 2 constrained population counts, 100m (3 arc-second), individual countries",https://data.worldpop.org/GIS/Population/Global_2015_2030/R2025A/2023/UZB/v1/100m/constrained/uzb_pop_2023_CN_100m_R2025A_v1.tif
1726292,Yangikhayot district,2024,current_12_district_analysis_geometry,210126.101312,4978.727954,18.130469,False,R2025A,"Global 2 constrained population counts, 100m (3 arc-second), individual countries",https://data.worldpop.org/GIS/Population/Global_2015_2030/R2025A/2024/UZB/v1/100m/constrained/uzb_pop_2024_CN_100m_R2025A_v1.tif
1726292,Yangikhayot district,2025,current_12_district_analysis_geometry,214224.912056,5075.845178,20.434774,False,R2025A,"Global 2 constrained population counts, 100m (3 arc-second), individual countries",https://data.worldpop.org/GIS/Population/Global_2015_2030/R2025A/2025/UZB/v1/100m/constrained/uzb_pop_2025_CN_100m_R2025A_v1.tif
1726292,Yangikhayot district,2026,current_12_district_analysis_geometry,218192.32402,5169.849039,22.665207,True,R2025A,"Global 2 constrained population counts, 100m (3 arc-second), individual countries",https://data.worldpop.org/GIS/Population/Global_2015_2030/R2025A/2026/UZB/v1/100m/constrained/uzb_pop_2026_CN_100m_R2025A_v1.tif
1726294,Chilanzar district,2015,current_12_district_analysis_geometry,69486.682167,2289.955172,0.0,False,R2025A,"Global 2 constrained population counts, 100m (3 arc-second), individual countries",https://data.worldpop.org/GIS/Population/Global_2015_2030/R2025A/2015/UZB/v1/100m/constrained/uzb_pop_2015_CN_100m_R2025A_v1.tif
1726294,Chilanzar district,2016,current_12_district_analysis_geometry,70709.03577,2330.238215,1.759119,False,R2025A,"Global 2 constrained population counts, 100m (3 arc-second), individual countries",https://data.worldpop.org/GIS/Population/Global_2015_2030/R2025A/2016/UZB/v1/100m/constrained/uzb_pop_2016_CN_100m_R2025A_v1.tif
1726294,Chilanzar district,2017,current_12_district_analysis_geometry,71926.691623,2370.366441,3.511478,False,R2025A,"Global 2 constrained population counts, 100m (3 arc-second), individual countries",https://data.worldpop.org/GIS/Population/Global_2015_2030/R2025A/2017/UZB/v1/100m/constrained/uzb_pop_2017_CN_100m_R2025A_v1.tif
1726294,Chilanzar district,2018,current_12_district_analysis_geometry,73146.125125,2410.55325,5.266395,False,R2025A,"Global 2 constrained population counts, 100m (3 arc-second), individual countries",https://data.worldpop.org/GIS/Population/Global_2015_2030/R2025A/2018/UZB/v1/100m/constrained/uzb_pop_2018_CN_100m_R2025A_v1.tif
1726294,Chilanzar district,2019,current_12_district_analysis_geometry,74453.653441,2453.643252,7.148091,False,R2025A,"Global 2 constrained population counts, 100m (3 arc-second), individual countries",https://data.worldpop.org/GIS/Population/Global_2015_2030/R2025A/2019/UZB/v1/100m/constrained/uzb_pop_2019_CN_100m_R2025A_v1.tif
1726294,Chilanzar district,2020,current_12_district_analysis_geometry,75841.395266,2499.376714,9.145225,False,R2025A,"Global 2 constrained population counts, 100m (3 arc-second), individual countries",https://data.worldpop.org/GIS/Population/Global_2015_2030/R2025A/2020/UZB/v1/100m/constrained/uzb_pop_2020_CN_100m_R2025A_v1.tif
1726294,Chilanzar district,2021,current_12_district_analysis_geometry,77287.773849,2547.042569,11.226744,False,R2025A,"Global 2 constrained population counts, 100m (3 arc-second), individual countries",https://data.worldpop.org/GIS/Population/Global_2015_2030/R2025A/2021/UZB/v1/100m/constrained/uzb_pop_2021_CN_100m_R2025A_v1.tif
1726294,Chilanzar district,2022,current_12_district_analysis_geometry,78838.032509,2598.131824,13.457759,False,R2025A,"Global 2 constrained population counts, 100m (3 arc-second), individual countries",https://data.worldpop.org/GIS/Population/Global_2015_2030/R2025A/2022/UZB/v1/100m/constrained/uzb_pop_2022_CN_100m_R2025A_v1.tif
1726294,Chilanzar district,2023,current_12_district_analysis_geometry,80457.364564,2651.497415,15.78818,False,R2025A,"Global 2 constrained population counts, 100m (3 arc-second), individual countries",https://data.worldpop.org/GIS/Population/Global_2015_2030/R2025A/2023/UZB/v1/100m/constrained/uzb_pop_2023_CN_100m_R2025A_v1.tif
1726294,Chilanzar district,2024,current_12_district_analysis_geometry,82090.116597,2705.305265,18.137914,False,R2025A,"Global 2 constrained population counts, 100m (3 arc-second), individual countries",https://data.worldpop.org/GIS/Population/Global_2015_2030/R2025A/2024/UZB/v1/100m/constrained/uzb_pop_2024_CN_100m_R2025A_v1.tif
1726294,Chilanzar district,2025,current_12_district_analysis_geometry,83692.123204,2758.09989,20.443401,False,R2025A,"Global 2 constrained population counts, 100m (3 arc-second), individual countries",https://data.worldpop.org/GIS/Population/Global_2015_2030/R2025A/2025/UZB/v1/100m/constrained/uzb_pop_2025_CN_100m_R2025A_v1.tif
1726294,Chilanzar district,2026,current_12_district_analysis_geometry,85242.901171,2809.206259,22.675164,True,R2025A,"Global 2 constrained population counts, 100m (3 arc-second), individual countries",https://data.worldpop.org/GIS/Population/Global_2015_2030/R2025A/2026/UZB/v1/100m/constrained/uzb_pop_2026_CN_100m_R2025A_v1.tif
